{
  "project_info": {
    "project_number": "147518242550",
    "firebase_url": "https://rdsignin-7bd9b.firebaseio.com",
    "project_id": "rdsignin-7bd9b",
    "storage_bucket": "rdsignin-7bd9b.appspot.com"
  },
  "client": [
    {
      "client_info": {
        "mobilesdk_app_id": "1:147518242550:android:9565680a06391f26f8f6d7",
        "android_client_info": {
          "package_name": "com.abhish.mountymovieslist"
        }
      },
      "oauth_client": [
        {
          "client_id": "147518242550-st2air8cnsjj6teerucnmf0it4u3jnc1.apps.googleusercontent.com",
          "client_type": 3
        }
      ],
      "api_key": [
        {
          "current_key": "AIzaSyAJzKea6iVoKf4HaKGqqhxGA5Zi_P6TZ8c"
        }
      ],
      "services": {
        "appinvite_service": {
          "other_platform_oauth_client": [
            {
              "client_id": "147518242550-st2air8cnsjj6teerucnmf0it4u3jnc1.apps.googleusercontent.com",
              "client_type": 3
            }
          ]
        }
      }
    },
    {
      "client_info": {
        "mobilesdk_app_id": "1:147518242550:android:7c0a9369f12eb452",
        "android_client_info": {
          "package_name": "com.example.rdsignin"
        }
      },
      "oauth_client": [
        {
          "client_id": "147518242550-sjpjsuoalpe2anrgmbsgevhjsknsju9h.apps.googleusercontent.com",
          "client_type": 1,
          "android_info": {
            "package_name": "com.example.rdsignin",
            "certificate_hash": "39d7e9518eb27549a52e82f3d775ffaccab1c3aa"
          }
        },
        {
          "client_id": "147518242550-st2air8cnsjj6teerucnmf0it4u3jnc1.apps.googleusercontent.com",
          "client_type": 3
        }
      ],
      "api_key": [
        {
          "current_key": "AIzaSyAJzKea6iVoKf4HaKGqqhxGA5Zi_P6TZ8c"
        }
      ],
      "services": {
        "appinvite_service": {
          "other_platform_oauth_client": [
            {
              "client_id": "147518242550-st2air8cnsjj6teerucnmf0it4u3jnc1.apps.googleusercontent.com",
              "client_type": 3
            }
          ]
        }
      }
    }
  ],
  "configuration_version": "1"
}